locationId,location,city,country,utc,local,parameter,value,unit,latitude,longitude,,,,
6161,Hornsgatan,Stockholm,SE,2020-08-31T22:00:00+00:00,2020-09-01T00:00:00+02:00,pm10,6.0355,µg/m³,59.31713214,18.04878744,,,,
6161,Hornsgatan,Stockholm,SE,2020-08-31T21:00:00+00:00,2020-08-31T23:00:00+02:00,pm10,3.0995,µg/m³,59.31713214,18.04878744,,,location,pm10 (avg)
6161,Hornsgatan,Stockholm,SE,2020-08-31T20:00:00+00:00,2020-08-31T22:00:00+02:00,pm10,2.91475,µg/m³,59.31713214,18.04878744,,,Hornsgatan,4.66047
6161,Hornsgatan,Stockholm,SE,2020-08-31T19:00:00+00:00,2020-08-31T21:00:00+02:00,pm10,3.47775,µg/m³,59.31713214,18.04878744,,,Folkungagatan,4.7837772
6161,Hornsgatan,Stockholm,SE,2020-08-31T18:00:00+00:00,2020-08-31T20:00:00+02:00,pm10,3.10825,µg/m³,59.31713214,18.04878744,,,Lilla Essingen (E4/E20),8.5796672
6161,Hornsgatan,Stockholm,SE,2020-08-31T17:00:00+00:00,2020-08-31T19:00:00+02:00,pm10,6.69175,µg/m³,59.31713214,18.04878744,,,SE0071A,4.83458
6161,Hornsgatan,Stockholm,SE,2020-08-31T16:00:00+00:00,2020-08-31T18:00:00+02:00,pm10,5.099,µg/m³,59.31713214,18.04878744,,,Sveavägen,8.5532744
6161,Hornsgatan,Stockholm,SE,2020-08-31T15:00:00+00:00,2020-08-31T17:00:00+02:00,pm10,8.01425,µg/m³,59.31713214,18.04878744,,,SE0072A,7.592209
6161,Hornsgatan,Stockholm,SE,2020-08-31T14:00:00+00:00,2020-08-31T16:00:00+02:00,pm10,4.809,µg/m³,59.31713214,18.04878744,,,SE0114A,6.5847564
6161,Hornsgatan,Stockholm,SE,2020-08-31T13:00:00+00:00,2020-08-31T15:00:00+02:00,pm10,9.57275,µg/m³,59.31713214,18.04878744,,,SE0087A,8.15544912
6161,Hornsgatan,Stockholm,SE,2020-08-31T12:00:00+00:00,2020-08-31T14:00:00+02:00,pm10,4.1345,µg/m³,59.31713214,18.04878744,,,SE0003A,4.35495
6161,Hornsgatan,Stockholm,SE,2020-08-31T11:00:00+00:00,2020-08-31T13:00:00+02:00,pm10,6.28775,µg/m³,59.31713214,18.04878744,,,SE0022A,4.2776556
6161,Hornsgatan,Stockholm,SE,2020-08-31T10:00:00+00:00,2020-08-31T12:00:00+02:00,pm10,6.637,µg/m³,59.31713214,18.04878744,,,SE0027A,8.62691712
6161,Hornsgatan,Stockholm,SE,2020-08-31T09:00:00+00:00,2020-08-31T11:00:00+02:00,pm10,6.41275,µg/m³,59.31713214,18.04878744,,,Solna Råsundavägen,2.96848
6161,Hornsgatan,Stockholm,SE,2020-08-31T08:00:00+00:00,2020-08-31T10:00:00+02:00,pm10,4.36225,µg/m³,59.31713214,18.04878744,,,Sankt Eriksgatan,4.67056
6161,Hornsgatan,Stockholm,SE,2020-08-31T07:00:00+00:00,2020-08-31T09:00:00+02:00,pm10,3.6105,µg/m³,59.31713214,18.04878744,,,Regional bakgrund (Norr Malma),2.19374
6161,Hornsgatan,Stockholm,SE,2020-08-31T06:00:00+00:00,2020-08-31T08:00:00+02:00,pm10,3.50125,µg/m³,59.31713214,18.04878744,,,Skonertvägen (E4/E20),5.777468804
6161,Hornsgatan,Stockholm,SE,2020-08-31T05:00:00+00:00,2020-08-31T07:00:00+02:00,pm10,2.9825,µg/m³,59.31713214,18.04878744,,,Sollentuna Danderydsvägen,3.1624004
6161,Hornsgatan,Stockholm,SE,2020-08-31T04:00:00+00:00,2020-08-31T06:00:00+02:00,pm10,2.83,µg/m³,59.31713214,18.04878744,,,Sollentuna Häggvik (E4),5.07008
6161,Hornsgatan,Stockholm,SE,2020-08-31T03:00:00+00:00,2020-08-31T05:00:00+02:00,pm10,3.06575,µg/m³,59.31713214,18.04878744,,,Urban bakgrund (Stockholm),2.696229583
6161,Hornsgatan,Stockholm,SE,2020-08-31T02:00:00+00:00,2020-08-31T04:00:00+02:00,pm10,2.04275,µg/m³,59.31713214,18.04878744,,,,
6161,Hornsgatan,Stockholm,SE,2020-08-31T01:00:00+00:00,2020-08-31T03:00:00+02:00,pm10,2.12325,µg/m³,59.31713214,18.04878744,,,,
6161,Hornsgatan,Stockholm,SE,2020-08-31T00:00:00+00:00,2020-08-31T02:00:00+02:00,pm10,2.4915,µg/m³,59.31713214,18.04878744,,,,
6161,Hornsgatan,Stockholm,SE,2020-08-30T23:00:00+00:00,2020-08-31T01:00:00+02:00,pm10,5.58625,µg/m³,59.31713214,18.04878744,,,,
6161,Hornsgatan,Stockholm,SE,2020-08-30T22:00:00+00:00,2020-08-31T00:00:00+02:00,pm10,7.62125,µg/m³,59.31713214,18.04878744,,,,
6188,Folkungagatan,Stockholm,SE,2020-08-31T22:00:00+00:00,2020-09-01T00:00:00+02:00,pm10,2.52351,µg/m³,59.31462368,18.07585555,,,,
6188,Folkungagatan,Stockholm,SE,2020-08-31T21:00:00+00:00,2020-08-31T23:00:00+02:00,pm10,2.77203,µg/m³,59.31462368,18.07585555,,,,
6188,Folkungagatan,Stockholm,SE,2020-08-31T20:00:00+00:00,2020-08-31T22:00:00+02:00,pm10,2.94116,µg/m³,59.31462368,18.07585555,,,,
6188,Folkungagatan,Stockholm,SE,2020-08-31T19:00:00+00:00,2020-08-31T21:00:00+02:00,pm10,5.20943,µg/m³,59.31462368,18.07585555,,,,
6188,Folkungagatan,Stockholm,SE,2020-08-31T18:00:00+00:00,2020-08-31T20:00:00+02:00,pm10,6.03726,µg/m³,59.31462368,18.07585555,,,,
6188,Folkungagatan,Stockholm,SE,2020-08-31T17:00:00+00:00,2020-08-31T19:00:00+02:00,pm10,10.0402,µg/m³,59.31462368,18.07585555,,,,
6188,Folkungagatan,Stockholm,SE,2020-08-31T16:00:00+00:00,2020-08-31T18:00:00+02:00,pm10,8.36227,µg/m³,59.31462368,18.07585555,,,,
6188,Folkungagatan,Stockholm,SE,2020-08-31T15:00:00+00:00,2020-08-31T17:00:00+02:00,pm10,6.4378,µg/m³,59.31462368,18.07585555,,,,
6188,Folkungagatan,Stockholm,SE,2020-08-31T14:00:00+00:00,2020-08-31T16:00:00+02:00,pm10,7.08136,µg/m³,59.31462368,18.07585555,,,,
6188,Folkungagatan,Stockholm,SE,2020-08-31T13:00:00+00:00,2020-08-31T15:00:00+02:00,pm10,6.43761,µg/m³,59.31462368,18.07585555,,,,
6188,Folkungagatan,Stockholm,SE,2020-08-31T12:00:00+00:00,2020-08-31T14:00:00+02:00,pm10,5.4475,µg/m³,59.31462368,18.07585555,,,,
6188,Folkungagatan,Stockholm,SE,2020-08-31T11:00:00+00:00,2020-08-31T13:00:00+02:00,pm10,5.67396,µg/m³,59.31462368,18.07585555,,,,
6188,Folkungagatan,Stockholm,SE,2020-08-31T10:00:00+00:00,2020-08-31T12:00:00+02:00,pm10,5.16967,µg/m³,59.31462368,18.07585555,,,,
6188,Folkungagatan,Stockholm,SE,2020-08-31T09:00:00+00:00,2020-08-31T11:00:00+02:00,pm10,4.15578,µg/m³,59.31462368,18.07585555,,,,
6188,Folkungagatan,Stockholm,SE,2020-08-31T08:00:00+00:00,2020-08-31T10:00:00+02:00,pm10,10.5231,µg/m³,59.31462368,18.07585555,,,,
6188,Folkungagatan,Stockholm,SE,2020-08-31T07:00:00+00:00,2020-08-31T09:00:00+02:00,pm10,6.98076,µg/m³,59.31462368,18.07585555,,,,
6188,Folkungagatan,Stockholm,SE,2020-08-31T06:00:00+00:00,2020-08-31T08:00:00+02:00,pm10,6.62213,µg/m³,59.31462368,18.07585555,,,,
6188,Folkungagatan,Stockholm,SE,2020-08-31T05:00:00+00:00,2020-08-31T07:00:00+02:00,pm10,4.69672,µg/m³,59.31462368,18.07585555,,,,
6188,Folkungagatan,Stockholm,SE,2020-08-31T04:00:00+00:00,2020-08-31T06:00:00+02:00,pm10,2.00928,µg/m³,59.31462368,18.07585555,,,,
6188,Folkungagatan,Stockholm,SE,2020-08-31T03:00:00+00:00,2020-08-31T05:00:00+02:00,pm10,3.97012,µg/m³,59.31462368,18.07585555,,,,
6188,Folkungagatan,Stockholm,SE,2020-08-31T02:00:00+00:00,2020-08-31T04:00:00+02:00,pm10,0.01,µg/m³,59.31462368,18.07585555,,,,
6188,Folkungagatan,Stockholm,SE,2020-08-31T01:00:00+00:00,2020-08-31T03:00:00+02:00,pm10,0.01,µg/m³,59.31462368,18.07585555,,,,
6188,Folkungagatan,Stockholm,SE,2020-08-31T00:00:00+00:00,2020-08-31T02:00:00+02:00,pm10,0.01,µg/m³,59.31462368,18.07585555,,,,
6188,Folkungagatan,Stockholm,SE,2020-08-30T23:00:00+00:00,2020-08-31T01:00:00+02:00,pm10,2.59281,µg/m³,59.31462368,18.07585555,,,,
6188,Folkungagatan,Stockholm,SE,2020-08-30T22:00:00+00:00,2020-08-31T00:00:00+02:00,pm10,3.87997,µg/m³,59.31462368,18.07585555,,,,
6191,Lilla Essingen (E4/E20),Stockholm,SE,2020-08-31T22:00:00+00:00,2020-09-01T00:00:00+02:00,pm10,5.41363,µg/m³,59.32551867,18.00396061,,,,
6191,Lilla Essingen (E4/E20),Stockholm,SE,2020-08-31T21:00:00+00:00,2020-08-31T23:00:00+02:00,pm10,3.47187,µg/m³,59.32551867,18.00396061,,,,
6191,Lilla Essingen (E4/E20),Stockholm,SE,2020-08-31T20:00:00+00:00,2020-08-31T22:00:00+02:00,pm10,2.26452,µg/m³,59.32551867,18.00396061,,,,
6191,Lilla Essingen (E4/E20),Stockholm,SE,2020-08-31T19:00:00+00:00,2020-08-31T21:00:00+02:00,pm10,6.8965,µg/m³,59.32551867,18.00396061,,,,
6191,Lilla Essingen (E4/E20),Stockholm,SE,2020-08-31T18:00:00+00:00,2020-08-31T20:00:00+02:00,pm10,8.27063,µg/m³,59.32551867,18.00396061,,,,
6191,Lilla Essingen (E4/E20),Stockholm,SE,2020-08-31T17:00:00+00:00,2020-08-31T19:00:00+02:00,pm10,9.16249,µg/m³,59.32551867,18.00396061,,,,
6191,Lilla Essingen (E4/E20),Stockholm,SE,2020-08-31T16:00:00+00:00,2020-08-31T18:00:00+02:00,pm10,10.4405,µg/m³,59.32551867,18.00396061,,,,
6191,Lilla Essingen (E4/E20),Stockholm,SE,2020-08-31T15:00:00+00:00,2020-08-31T17:00:00+02:00,pm10,12.1792,µg/m³,59.32551867,18.00396061,,,,
6191,Lilla Essingen (E4/E20),Stockholm,SE,2020-08-31T14:00:00+00:00,2020-08-31T16:00:00+02:00,pm10,10.0786,µg/m³,59.32551867,18.00396061,,,,
6191,Lilla Essingen (E4/E20),Stockholm,SE,2020-08-31T13:00:00+00:00,2020-08-31T15:00:00+02:00,pm10,13.6129,µg/m³,59.32551867,18.00396061,,,,
6191,Lilla Essingen (E4/E20),Stockholm,SE,2020-08-31T12:00:00+00:00,2020-08-31T14:00:00+02:00,pm10,12.5513,µg/m³,59.32551867,18.00396061,,,,
6191,Lilla Essingen (E4/E20),Stockholm,SE,2020-08-31T11:00:00+00:00,2020-08-31T13:00:00+02:00,pm10,13.5538,µg/m³,59.32551867,18.00396061,,,,
6191,Lilla Essingen (E4/E20),Stockholm,SE,2020-08-31T10:00:00+00:00,2020-08-31T12:00:00+02:00,pm10,12.42,µg/m³,59.32551867,18.00396061,,,,
6191,Lilla Essingen (E4/E20),Stockholm,SE,2020-08-31T09:00:00+00:00,2020-08-31T11:00:00+02:00,pm10,10.9738,µg/m³,59.32551867,18.00396061,,,,
6191,Lilla Essingen (E4/E20),Stockholm,SE,2020-08-31T08:00:00+00:00,2020-08-31T10:00:00+02:00,pm10,13.1675,µg/m³,59.32551867,18.00396061,,,,
6191,Lilla Essingen (E4/E20),Stockholm,SE,2020-08-31T07:00:00+00:00,2020-08-31T09:00:00+02:00,pm10,15.2188,µg/m³,59.32551867,18.00396061,,,,
6191,Lilla Essingen (E4/E20),Stockholm,SE,2020-08-31T06:00:00+00:00,2020-08-31T08:00:00+02:00,pm10,13.5838,µg/m³,59.32551867,18.00396061,,,,
6191,Lilla Essingen (E4/E20),Stockholm,SE,2020-08-31T05:00:00+00:00,2020-08-31T07:00:00+02:00,pm10,14.4187,µg/m³,59.32551867,18.00396061,,,,
6191,Lilla Essingen (E4/E20),Stockholm,SE,2020-08-31T04:00:00+00:00,2020-08-31T06:00:00+02:00,pm10,4.71687,µg/m³,59.32551867,18.00396061,,,,
6191,Lilla Essingen (E4/E20),Stockholm,SE,2020-08-31T03:00:00+00:00,2020-08-31T05:00:00+02:00,pm10,6.3655,µg/m³,59.32551867,18.00396061,,,,
6191,Lilla Essingen (E4/E20),Stockholm,SE,2020-08-31T02:00:00+00:00,2020-08-31T04:00:00+02:00,pm10,3.155,µg/m³,59.32551867,18.00396061,,,,
6191,Lilla Essingen (E4/E20),Stockholm,SE,2020-08-31T01:00:00+00:00,2020-08-31T03:00:00+02:00,pm10,1.33047,µg/m³,59.32551867,18.00396061,,,,
6191,Lilla Essingen (E4/E20),Stockholm,SE,2020-08-31T00:00:00+00:00,2020-08-31T02:00:00+02:00,pm10,1.55342,µg/m³,59.32551867,18.00396061,,,,
6191,Lilla Essingen (E4/E20),Stockholm,SE,2020-08-30T23:00:00+00:00,2020-08-31T01:00:00+02:00,pm10,4.06488,µg/m³,59.32551867,18.00396061,,,,
6191,Lilla Essingen (E4/E20),Stockholm,SE,2020-08-30T22:00:00+00:00,2020-08-31T00:00:00+02:00,pm10,5.627,µg/m³,59.32551867,18.00396061,,,,
6209,SE0071A,Stockholm,SE,2020-08-31T22:00:00+00:00,2020-09-01T00:00:00+02:00,pm10,3.1585,µg/m³,59.443535,17.922358,,,,
6209,SE0071A,Stockholm,SE,2020-08-31T21:00:00+00:00,2020-08-31T23:00:00+02:00,pm10,2.95725,µg/m³,59.443535,17.922358,,,,
6209,SE0071A,Stockholm,SE,2020-08-31T20:00:00+00:00,2020-08-31T22:00:00+02:00,pm10,4.68225,µg/m³,59.443535,17.922358,,,,
6209,SE0071A,Stockholm,SE,2020-08-31T19:00:00+00:00,2020-08-31T21:00:00+02:00,pm10,4.08925,µg/m³,59.443535,17.922358,,,,
6209,SE0071A,Stockholm,SE,2020-08-31T18:00:00+00:00,2020-08-31T20:00:00+02:00,pm10,2.39075,µg/m³,59.443535,17.922358,,,,
6209,SE0071A,Stockholm,SE,2020-08-31T17:00:00+00:00,2020-08-31T19:00:00+02:00,pm10,1.85625,µg/m³,59.443535,17.922358,,,,
6209,SE0071A,Stockholm,SE,2020-08-31T16:00:00+00:00,2020-08-31T18:00:00+02:00,pm10,4.485,µg/m³,59.443535,17.922358,,,,
6209,SE0071A,Stockholm,SE,2020-08-31T15:00:00+00:00,2020-08-31T17:00:00+02:00,pm10,5.3615,µg/m³,59.443535,17.922358,,,,
6209,SE0071A,Stockholm,SE,2020-08-31T14:00:00+00:00,2020-08-31T16:00:00+02:00,pm10,7.0565,µg/m³,59.443535,17.922358,,,,
6209,SE0071A,Stockholm,SE,2020-08-31T13:00:00+00:00,2020-08-31T15:00:00+02:00,pm10,6.84525,µg/m³,59.443535,17.922358,,,,
6209,SE0071A,Stockholm,SE,2020-08-31T12:00:00+00:00,2020-08-31T14:00:00+02:00,pm10,3.825,µg/m³,59.443535,17.922358,,,,
6209,SE0071A,Stockholm,SE,2020-08-31T11:00:00+00:00,2020-08-31T13:00:00+02:00,pm10,4.2425,µg/m³,59.443535,17.922358,,,,
6209,SE0071A,Stockholm,SE,2020-08-31T10:00:00+00:00,2020-08-31T12:00:00+02:00,pm10,7.9295,µg/m³,59.443535,17.922358,,,,
6209,SE0071A,Stockholm,SE,2020-08-31T09:00:00+00:00,2020-08-31T11:00:00+02:00,pm10,12.662,µg/m³,59.443535,17.922358,,,,
6209,SE0071A,Stockholm,SE,2020-08-31T08:00:00+00:00,2020-08-31T10:00:00+02:00,pm10,4.45175,µg/m³,59.443535,17.922358,,,,
6209,SE0071A,Stockholm,SE,2020-08-31T07:00:00+00:00,2020-08-31T09:00:00+02:00,pm10,3.40625,µg/m³,59.443535,17.922358,,,,
6209,SE0071A,Stockholm,SE,2020-08-31T06:00:00+00:00,2020-08-31T08:00:00+02:00,pm10,3.80325,µg/m³,59.443535,17.922358,,,,
6209,SE0071A,Stockholm,SE,2020-08-31T05:00:00+00:00,2020-08-31T07:00:00+02:00,pm10,7.12775,µg/m³,59.443535,17.922358,,,,
6209,SE0071A,Stockholm,SE,2020-08-31T04:00:00+00:00,2020-08-31T06:00:00+02:00,pm10,5.274,µg/m³,59.443535,17.922358,,,,
6209,SE0071A,Stockholm,SE,2020-08-31T03:00:00+00:00,2020-08-31T05:00:00+02:00,pm10,3.09575,µg/m³,59.443535,17.922358,,,,
6209,SE0071A,Stockholm,SE,2020-08-31T02:00:00+00:00,2020-08-31T04:00:00+02:00,pm10,4.1215,µg/m³,59.443535,17.922358,,,,
6209,SE0071A,Stockholm,SE,2020-08-31T01:00:00+00:00,2020-08-31T03:00:00+02:00,pm10,3.58,µg/m³,59.443535,17.922358,,,,
6209,SE0071A,Stockholm,SE,2020-08-31T00:00:00+00:00,2020-08-31T02:00:00+02:00,pm10,2.78275,µg/m³,59.443535,17.922358,,,,
6209,SE0071A,Stockholm,SE,2020-08-30T23:00:00+00:00,2020-08-31T01:00:00+02:00,pm10,3.926,µg/m³,59.443535,17.922358,,,,
6209,SE0071A,Stockholm,SE,2020-08-30T22:00:00+00:00,2020-08-31T00:00:00+02:00,pm10,7.754,µg/m³,59.443535,17.922358,,,,
6229,Sveavägen,Stockholm,SE,2020-08-31T22:00:00+00:00,2020-09-01T00:00:00+02:00,pm10,5.69869,µg/m³,59.34516113,18.05428175,,,,
6229,Sveavägen,Stockholm,SE,2020-08-31T21:00:00+00:00,2020-08-31T23:00:00+02:00,pm10,4.29692,µg/m³,59.34516113,18.05428175,,,,
6229,Sveavägen,Stockholm,SE,2020-08-31T20:00:00+00:00,2020-08-31T22:00:00+02:00,pm10,4.94447,µg/m³,59.34516113,18.05428175,,,,
6229,Sveavägen,Stockholm,SE,2020-08-31T19:00:00+00:00,2020-08-31T21:00:00+02:00,pm10,11.1054,µg/m³,59.34516113,18.05428175,,,,
6229,Sveavägen,Stockholm,SE,2020-08-31T18:00:00+00:00,2020-08-31T20:00:00+02:00,pm10,11.8773,µg/m³,59.34516113,18.05428175,,,,
6229,Sveavägen,Stockholm,SE,2020-08-31T17:00:00+00:00,2020-08-31T19:00:00+02:00,pm10,12.5672,µg/m³,59.34516113,18.05428175,,,,
6229,Sveavägen,Stockholm,SE,2020-08-31T16:00:00+00:00,2020-08-31T18:00:00+02:00,pm10,11.8355,µg/m³,59.34516113,18.05428175,,,,
6229,Sveavägen,Stockholm,SE,2020-08-31T15:00:00+00:00,2020-08-31T17:00:00+02:00,pm10,13.5663,µg/m³,59.34516113,18.05428175,,,,
6229,Sveavägen,Stockholm,SE,2020-08-31T14:00:00+00:00,2020-08-31T16:00:00+02:00,pm10,13.1271,µg/m³,59.34516113,18.05428175,,,,
6229,Sveavägen,Stockholm,SE,2020-08-31T13:00:00+00:00,2020-08-31T15:00:00+02:00,pm10,12.5058,µg/m³,59.34516113,18.05428175,,,,
6229,Sveavägen,Stockholm,SE,2020-08-31T12:00:00+00:00,2020-08-31T14:00:00+02:00,pm10,9.32748,µg/m³,59.34516113,18.05428175,,,,
6229,Sveavägen,Stockholm,SE,2020-08-31T11:00:00+00:00,2020-08-31T13:00:00+02:00,pm10,11.6016,µg/m³,59.34516113,18.05428175,,,,
6229,Sveavägen,Stockholm,SE,2020-08-31T10:00:00+00:00,2020-08-31T12:00:00+02:00,pm10,8.42838,µg/m³,59.34516113,18.05428175,,,,
6229,Sveavägen,Stockholm,SE,2020-08-31T09:00:00+00:00,2020-08-31T11:00:00+02:00,pm10,6.72891,µg/m³,59.34516113,18.05428175,,,,
6229,Sveavägen,Stockholm,SE,2020-08-31T08:00:00+00:00,2020-08-31T10:00:00+02:00,pm10,29.3852,µg/m³,59.34516113,18.05428175,,,,
6229,Sveavägen,Stockholm,SE,2020-08-31T07:00:00+00:00,2020-08-31T09:00:00+02:00,pm10,8.30714,µg/m³,59.34516113,18.05428175,,,,
6229,Sveavägen,Stockholm,SE,2020-08-31T06:00:00+00:00,2020-08-31T08:00:00+02:00,pm10,11.2404,µg/m³,59.34516113,18.05428175,,,,
6229,Sveavägen,Stockholm,SE,2020-08-31T05:00:00+00:00,2020-08-31T07:00:00+02:00,pm10,6.11992,µg/m³,59.34516113,18.05428175,,,,
6229,Sveavägen,Stockholm,SE,2020-08-31T04:00:00+00:00,2020-08-31T06:00:00+02:00,pm10,2.97381,µg/m³,59.34516113,18.05428175,,,,
6229,Sveavägen,Stockholm,SE,2020-08-31T03:00:00+00:00,2020-08-31T05:00:00+02:00,pm10,2.49406,µg/m³,59.34516113,18.05428175,,,,
6229,Sveavägen,Stockholm,SE,2020-08-31T02:00:00+00:00,2020-08-31T04:00:00+02:00,pm10,3.71098,µg/m³,59.34516113,18.05428175,,,,
6229,Sveavägen,Stockholm,SE,2020-08-31T01:00:00+00:00,2020-08-31T03:00:00+02:00,pm10,1.07536,µg/m³,59.34516113,18.05428175,,,,
6229,Sveavägen,Stockholm,SE,2020-08-31T00:00:00+00:00,2020-08-31T02:00:00+02:00,pm10,0.86272,µg/m³,59.34516113,18.05428175,,,,
6229,Sveavägen,Stockholm,SE,2020-08-30T23:00:00+00:00,2020-08-31T01:00:00+02:00,pm10,2.9203,µg/m³,59.34516113,18.05428175,,,,
6229,Sveavägen,Stockholm,SE,2020-08-30T22:00:00+00:00,2020-08-31T00:00:00+02:00,pm10,7.13092,µg/m³,59.34516113,18.05428175,,,,
6230,SE0072A,Stockholm,SE,2020-08-31T22:00:00+00:00,2020-09-01T00:00:00+02:00,pm10,0.150552,µg/m³,59.19812,17.621084,,,,
6230,SE0072A,Stockholm,SE,2020-08-31T21:00:00+00:00,2020-08-31T23:00:00+02:00,pm10,3.8424,µg/m³,59.19812,17.621084,,,,
6230,SE0072A,Stockholm,SE,2020-08-31T20:00:00+00:00,2020-08-31T22:00:00+02:00,pm10,4.59877,µg/m³,59.19812,17.621084,,,,
6230,SE0072A,Stockholm,SE,2020-08-31T19:00:00+00:00,2020-08-31T21:00:00+02:00,pm10,5.96641,µg/m³,59.19812,17.621084,,,,
6230,SE0072A,Stockholm,SE,2020-08-31T18:00:00+00:00,2020-08-31T20:00:00+02:00,pm10,7.10258,µg/m³,59.19812,17.621084,,,,
6230,SE0072A,Stockholm,SE,2020-08-31T17:00:00+00:00,2020-08-31T19:00:00+02:00,pm10,16.269,µg/m³,59.19812,17.621084,,,,
6230,SE0072A,Stockholm,SE,2020-08-31T16:00:00+00:00,2020-08-31T18:00:00+02:00,pm10,15.1715,µg/m³,59.19812,17.621084,,,,
6230,SE0072A,Stockholm,SE,2020-08-31T15:00:00+00:00,2020-08-31T17:00:00+02:00,pm10,16.2244,µg/m³,59.19812,17.621084,,,,
6230,SE0072A,Stockholm,SE,2020-08-31T14:00:00+00:00,2020-08-31T16:00:00+02:00,pm10,14.9626,µg/m³,59.19812,17.621084,,,,
6230,SE0072A,Stockholm,SE,2020-08-31T13:00:00+00:00,2020-08-31T15:00:00+02:00,pm10,7.03197,µg/m³,59.19812,17.621084,,,,
6230,SE0072A,Stockholm,SE,2020-08-31T12:00:00+00:00,2020-08-31T14:00:00+02:00,pm10,10.1573,µg/m³,59.19812,17.621084,,,,
6230,SE0072A,Stockholm,SE,2020-08-31T11:00:00+00:00,2020-08-31T13:00:00+02:00,pm10,15.3694,µg/m³,59.19812,17.621084,,,,
6230,SE0072A,Stockholm,SE,2020-08-31T10:00:00+00:00,2020-08-31T12:00:00+02:00,pm10,10.9102,µg/m³,59.19812,17.621084,,,,
6230,SE0072A,Stockholm,SE,2020-08-31T09:00:00+00:00,2020-08-31T11:00:00+02:00,pm10,8.80263,µg/m³,59.19812,17.621084,,,,
6230,SE0072A,Stockholm,SE,2020-08-31T08:00:00+00:00,2020-08-31T10:00:00+02:00,pm10,11.9594,µg/m³,59.19812,17.621084,,,,
6230,SE0072A,Stockholm,SE,2020-08-31T07:00:00+00:00,2020-08-31T09:00:00+02:00,pm10,9.47342,µg/m³,59.19812,17.621084,,,,
6230,SE0072A,Stockholm,SE,2020-08-31T06:00:00+00:00,2020-08-31T08:00:00+02:00,pm10,14.6912,µg/m³,59.19812,17.621084,,,,
6230,SE0072A,Stockholm,SE,2020-08-31T05:00:00+00:00,2020-08-31T07:00:00+02:00,pm10,3.18053,µg/m³,59.19812,17.621084,,,,
6230,SE0072A,Stockholm,SE,2020-08-31T04:00:00+00:00,2020-08-31T06:00:00+02:00,pm10,1.63333,µg/m³,59.19812,17.621084,,,,
6230,SE0072A,Stockholm,SE,2020-08-31T03:00:00+00:00,2020-08-31T05:00:00+02:00,pm10,0.877245,µg/m³,59.19812,17.621084,,,,
6230,SE0072A,Stockholm,SE,2020-08-31T02:00:00+00:00,2020-08-31T04:00:00+02:00,pm10,0.619751,µg/m³,59.19812,17.621084,,,,
6230,SE0072A,Stockholm,SE,2020-08-31T01:00:00+00:00,2020-08-31T03:00:00+02:00,pm10,1.22426,µg/m³,59.19812,17.621084,,,,
6230,SE0072A,Stockholm,SE,2020-08-31T00:00:00+00:00,2020-08-31T02:00:00+02:00,pm10,0.341507,µg/m³,59.19812,17.621084,,,,
6230,SE0072A,Stockholm,SE,2020-08-30T23:00:00+00:00,2020-08-31T01:00:00+02:00,pm10,2.25193,µg/m³,59.19812,17.621084,,,,
6230,SE0072A,Stockholm,SE,2020-08-30T22:00:00+00:00,2020-08-31T00:00:00+02:00,pm10,6.99294,µg/m³,59.19812,17.621084,,,,
7838,SE0114A,Stockholm,SE,2020-08-31T22:00:00+00:00,2020-09-01T00:00:00+02:00,pm10,2.57312,µg/m³,59.20134,17.634752,,,,
7838,SE0114A,Stockholm,SE,2020-08-31T21:00:00+00:00,2020-08-31T23:00:00+02:00,pm10,3.38292,µg/m³,59.20134,17.634752,,,,
7838,SE0114A,Stockholm,SE,2020-08-31T20:00:00+00:00,2020-08-31T22:00:00+02:00,pm10,6.81087,µg/m³,59.20134,17.634752,,,,
7838,SE0114A,Stockholm,SE,2020-08-31T19:00:00+00:00,2020-08-31T21:00:00+02:00,pm10,5.613,µg/m³,59.20134,17.634752,,,,
7838,SE0114A,Stockholm,SE,2020-08-31T18:00:00+00:00,2020-08-31T20:00:00+02:00,pm10,6.74146,µg/m³,59.20134,17.634752,,,,
7838,SE0114A,Stockholm,SE,2020-08-31T17:00:00+00:00,2020-08-31T19:00:00+02:00,pm10,10.7539,µg/m³,59.20134,17.634752,,,,
7838,SE0114A,Stockholm,SE,2020-08-31T16:00:00+00:00,2020-08-31T18:00:00+02:00,pm10,10.0168,µg/m³,59.20134,17.634752,,,,
7838,SE0114A,Stockholm,SE,2020-08-31T15:00:00+00:00,2020-08-31T17:00:00+02:00,pm10,9.30144,µg/m³,59.20134,17.634752,,,,
7838,SE0114A,Stockholm,SE,2020-08-31T14:00:00+00:00,2020-08-31T16:00:00+02:00,pm10,9.54346,µg/m³,59.20134,17.634752,,,,
7838,SE0114A,Stockholm,SE,2020-08-31T13:00:00+00:00,2020-08-31T15:00:00+02:00,pm10,9.28091,µg/m³,59.20134,17.634752,,,,
7838,SE0114A,Stockholm,SE,2020-08-31T12:00:00+00:00,2020-08-31T14:00:00+02:00,pm10,7.83904,µg/m³,59.20134,17.634752,,,,
7838,SE0114A,Stockholm,SE,2020-08-31T11:00:00+00:00,2020-08-31T13:00:00+02:00,pm10,7.28153,µg/m³,59.20134,17.634752,,,,
7838,SE0114A,Stockholm,SE,2020-08-31T10:00:00+00:00,2020-08-31T12:00:00+02:00,pm10,11.9628,µg/m³,59.20134,17.634752,,,,
7838,SE0114A,Stockholm,SE,2020-08-31T09:00:00+00:00,2020-08-31T11:00:00+02:00,pm10,9.25574,µg/m³,59.20134,17.634752,,,,
7838,SE0114A,Stockholm,SE,2020-08-31T08:00:00+00:00,2020-08-31T10:00:00+02:00,pm10,9.14403,µg/m³,59.20134,17.634752,,,,
7838,SE0114A,Stockholm,SE,2020-08-31T07:00:00+00:00,2020-08-31T09:00:00+02:00,pm10,7.57562,µg/m³,59.20134,17.634752,,,,
7838,SE0114A,Stockholm,SE,2020-08-31T06:00:00+00:00,2020-08-31T08:00:00+02:00,pm10,7.37382,µg/m³,59.20134,17.634752,,,,
7838,SE0114A,Stockholm,SE,2020-08-31T05:00:00+00:00,2020-08-31T07:00:00+02:00,pm10,6.28754,µg/m³,59.20134,17.634752,,,,
7838,SE0114A,Stockholm,SE,2020-08-31T04:00:00+00:00,2020-08-31T06:00:00+02:00,pm10,2.73728,µg/m³,59.20134,17.634752,,,,
7838,SE0114A,Stockholm,SE,2020-08-31T03:00:00+00:00,2020-08-31T05:00:00+02:00,pm10,2.62089,µg/m³,59.20134,17.634752,,,,
7838,SE0114A,Stockholm,SE,2020-08-31T02:00:00+00:00,2020-08-31T04:00:00+02:00,pm10,3.488,µg/m³,59.20134,17.634752,,,,
7838,SE0114A,Stockholm,SE,2020-08-31T01:00:00+00:00,2020-08-31T03:00:00+02:00,pm10,2.70988,µg/m³,59.20134,17.634752,,,,
7838,SE0114A,Stockholm,SE,2020-08-31T00:00:00+00:00,2020-08-31T02:00:00+02:00,pm10,3.19503,µg/m³,59.20134,17.634752,,,,
7838,SE0114A,Stockholm,SE,2020-08-30T23:00:00+00:00,2020-08-31T01:00:00+02:00,pm10,3.75344,µg/m³,59.20134,17.634752,,,,
7838,SE0114A,Stockholm,SE,2020-08-30T22:00:00+00:00,2020-08-31T00:00:00+02:00,pm10,5.37639,µg/m³,59.20134,17.634752,,,,
7947,SE0087A,Stockholm,SE,2020-08-31T22:00:00+00:00,2020-09-01T00:00:00+02:00,pm10,2.66517,µg/m³,59.3255,18.0044,,,,
7947,SE0087A,Stockholm,SE,2020-08-31T21:00:00+00:00,2020-08-31T23:00:00+02:00,pm10,1.97639,µg/m³,59.3255,18.0044,,,,
7947,SE0087A,Stockholm,SE,2020-08-31T20:00:00+00:00,2020-08-31T22:00:00+02:00,pm10,1.47611,µg/m³,59.3255,18.0044,,,,
7947,SE0087A,Stockholm,SE,2020-08-31T19:00:00+00:00,2020-08-31T21:00:00+02:00,pm10,6.83718,µg/m³,59.3255,18.0044,,,,
7947,SE0087A,Stockholm,SE,2020-08-31T18:00:00+00:00,2020-08-31T20:00:00+02:00,pm10,7.79762,µg/m³,59.3255,18.0044,,,,
7947,SE0087A,Stockholm,SE,2020-08-31T17:00:00+00:00,2020-08-31T19:00:00+02:00,pm10,8.03735,µg/m³,59.3255,18.0044,,,,
7947,SE0087A,Stockholm,SE,2020-08-31T16:00:00+00:00,2020-08-31T18:00:00+02:00,pm10,10.8596,µg/m³,59.3255,18.0044,,,,
7947,SE0087A,Stockholm,SE,2020-08-31T15:00:00+00:00,2020-08-31T17:00:00+02:00,pm10,12.1542,µg/m³,59.3255,18.0044,,,,
7947,SE0087A,Stockholm,SE,2020-08-31T14:00:00+00:00,2020-08-31T16:00:00+02:00,pm10,8.81532,µg/m³,59.3255,18.0044,,,,
7947,SE0087A,Stockholm,SE,2020-08-31T13:00:00+00:00,2020-08-31T15:00:00+02:00,pm10,14.0179,µg/m³,59.3255,18.0044,,,,
7947,SE0087A,Stockholm,SE,2020-08-31T12:00:00+00:00,2020-08-31T14:00:00+02:00,pm10,13.2761,µg/m³,59.3255,18.0044,,,,
7947,SE0087A,Stockholm,SE,2020-08-31T11:00:00+00:00,2020-08-31T13:00:00+02:00,pm10,13.0547,µg/m³,59.3255,18.0044,,,,
7947,SE0087A,Stockholm,SE,2020-08-31T10:00:00+00:00,2020-08-31T12:00:00+02:00,pm10,12.0855,µg/m³,59.3255,18.0044,,,,
7947,SE0087A,Stockholm,SE,2020-08-31T09:00:00+00:00,2020-08-31T11:00:00+02:00,pm10,10.6198,µg/m³,59.3255,18.0044,,,,
7947,SE0087A,Stockholm,SE,2020-08-31T08:00:00+00:00,2020-08-31T10:00:00+02:00,pm10,13.702,µg/m³,59.3255,18.0044,,,,
7947,SE0087A,Stockholm,SE,2020-08-31T07:00:00+00:00,2020-08-31T09:00:00+02:00,pm10,15.293,µg/m³,59.3255,18.0044,,,,
7947,SE0087A,Stockholm,SE,2020-08-31T06:00:00+00:00,2020-08-31T08:00:00+02:00,pm10,13.2551,µg/m³,59.3255,18.0044,,,,
7947,SE0087A,Stockholm,SE,2020-08-31T05:00:00+00:00,2020-08-31T07:00:00+02:00,pm10,14.5315,µg/m³,59.3255,18.0044,,,,
7947,SE0087A,Stockholm,SE,2020-08-31T04:00:00+00:00,2020-08-31T06:00:00+02:00,pm10,4.89294,µg/m³,59.3255,18.0044,,,,
7947,SE0087A,Stockholm,SE,2020-08-31T03:00:00+00:00,2020-08-31T05:00:00+02:00,pm10,5.94419,µg/m³,59.3255,18.0044,,,,
7947,SE0087A,Stockholm,SE,2020-08-31T02:00:00+00:00,2020-08-31T04:00:00+02:00,pm10,2.69232,µg/m³,59.3255,18.0044,,,,
7947,SE0087A,Stockholm,SE,2020-08-31T01:00:00+00:00,2020-08-31T03:00:00+02:00,pm10,0.336538,µg/m³,59.3255,18.0044,,,,
7947,SE0087A,Stockholm,SE,2020-08-31T00:00:00+00:00,2020-08-31T02:00:00+02:00,pm10,1.22804,µg/m³,59.3255,18.0044,,,,
7947,SE0087A,Stockholm,SE,2020-08-30T23:00:00+00:00,2020-08-31T01:00:00+02:00,pm10,3.5564,µg/m³,59.3255,18.0044,,,,
7947,SE0087A,Stockholm,SE,2020-08-30T22:00:00+00:00,2020-08-31T00:00:00+02:00,pm10,4.78126,µg/m³,59.3255,18.0044,,,,
9470,SE0003A,Stockholm,SE,2020-08-31T22:00:00+00:00,2020-09-01T00:00:00+02:00,pm10,2.9375,µg/m³,59.31722,18.04918,,,,
9470,SE0003A,Stockholm,SE,2020-08-31T21:00:00+00:00,2020-08-31T23:00:00+02:00,pm10,3.0995,µg/m³,59.31722,18.04918,,,,
9470,SE0003A,Stockholm,SE,2020-08-31T20:00:00+00:00,2020-08-31T22:00:00+02:00,pm10,2.91475,µg/m³,59.31722,18.04918,,,,
9470,SE0003A,Stockholm,SE,2020-08-31T19:00:00+00:00,2020-08-31T21:00:00+02:00,pm10,3.47775,µg/m³,59.31722,18.04918,,,,
9470,SE0003A,Stockholm,SE,2020-08-31T18:00:00+00:00,2020-08-31T20:00:00+02:00,pm10,3.10825,µg/m³,59.31722,18.04918,,,,
9470,SE0003A,Stockholm,SE,2020-08-31T17:00:00+00:00,2020-08-31T19:00:00+02:00,pm10,6.69175,µg/m³,59.31722,18.04918,,,,
9470,SE0003A,Stockholm,SE,2020-08-31T16:00:00+00:00,2020-08-31T18:00:00+02:00,pm10,5.099,µg/m³,59.31722,18.04918,,,,
9470,SE0003A,Stockholm,SE,2020-08-31T15:00:00+00:00,2020-08-31T17:00:00+02:00,pm10,6.20925,µg/m³,59.31722,18.04918,,,,
9470,SE0003A,Stockholm,SE,2020-08-31T14:00:00+00:00,2020-08-31T16:00:00+02:00,pm10,4.809,µg/m³,59.31722,18.04918,,,,
9470,SE0003A,Stockholm,SE,2020-08-31T13:00:00+00:00,2020-08-31T15:00:00+02:00,pm10,9.57275,µg/m³,59.31722,18.04918,,,,
9470,SE0003A,Stockholm,SE,2020-08-31T12:00:00+00:00,2020-08-31T14:00:00+02:00,pm10,4.1345,µg/m³,59.31722,18.04918,,,,
9470,SE0003A,Stockholm,SE,2020-08-31T11:00:00+00:00,2020-08-31T13:00:00+02:00,pm10,6.28775,µg/m³,59.31722,18.04918,,,,
9470,SE0003A,Stockholm,SE,2020-08-31T10:00:00+00:00,2020-08-31T12:00:00+02:00,pm10,3.902,µg/m³,59.31722,18.04918,,,,
9470,SE0003A,Stockholm,SE,2020-08-31T09:00:00+00:00,2020-08-31T11:00:00+02:00,pm10,6.41275,µg/m³,59.31722,18.04918,,,,
9470,SE0003A,Stockholm,SE,2020-08-31T08:00:00+00:00,2020-08-31T10:00:00+02:00,pm10,4.36225,µg/m³,59.31722,18.04918,,,,
9470,SE0003A,Stockholm,SE,2020-08-31T07:00:00+00:00,2020-08-31T09:00:00+02:00,pm10,3.6105,µg/m³,59.31722,18.04918,,,,
9470,SE0003A,Stockholm,SE,2020-08-31T06:00:00+00:00,2020-08-31T08:00:00+02:00,pm10,3.50125,µg/m³,59.31722,18.04918,,,,
9470,SE0003A,Stockholm,SE,2020-08-31T05:00:00+00:00,2020-08-31T07:00:00+02:00,pm10,2.9825,µg/m³,59.31722,18.04918,,,,
9470,SE0003A,Stockholm,SE,2020-08-31T04:00:00+00:00,2020-08-31T06:00:00+02:00,pm10,2.83,µg/m³,59.31722,18.04918,,,,
9470,SE0003A,Stockholm,SE,2020-08-31T03:00:00+00:00,2020-08-31T05:00:00+02:00,pm10,3.06575,µg/m³,59.31722,18.04918,,,,
9470,SE0003A,Stockholm,SE,2020-08-31T02:00:00+00:00,2020-08-31T04:00:00+02:00,pm10,2.04275,µg/m³,59.31722,18.04918,,,,
9470,SE0003A,Stockholm,SE,2020-08-31T01:00:00+00:00,2020-08-31T03:00:00+02:00,pm10,2.12325,µg/m³,59.31722,18.04918,,,,
9470,SE0003A,Stockholm,SE,2020-08-31T00:00:00+00:00,2020-08-31T02:00:00+02:00,pm10,2.4915,µg/m³,59.31722,18.04918,,,,
9470,SE0003A,Stockholm,SE,2020-08-30T23:00:00+00:00,2020-08-31T01:00:00+02:00,pm10,5.58625,µg/m³,59.31722,18.04918,,,,
9470,SE0003A,Stockholm,SE,2020-08-30T22:00:00+00:00,2020-08-31T00:00:00+02:00,pm10,7.62125,µg/m³,59.31722,18.04918,,,,
9473,SE0022A,Stockholm,SE,2020-08-31T22:00:00+00:00,2020-09-01T00:00:00+02:00,pm10,3.83727,µg/m³,59.31694,18.057501,,,,
9473,SE0022A,Stockholm,SE,2020-08-31T21:00:00+00:00,2020-08-31T23:00:00+02:00,pm10,2.72775,µg/m³,59.31694,18.057501,,,,
9473,SE0022A,Stockholm,SE,2020-08-31T20:00:00+00:00,2020-08-31T22:00:00+02:00,pm10,4.36735,µg/m³,59.31694,18.057501,,,,
9473,SE0022A,Stockholm,SE,2020-08-31T19:00:00+00:00,2020-08-31T21:00:00+02:00,pm10,9.47911,µg/m³,59.31694,18.057501,,,,
9473,SE0022A,Stockholm,SE,2020-08-31T18:00:00+00:00,2020-08-31T20:00:00+02:00,pm10,9.92656,µg/m³,59.31694,18.057501,,,,
9473,SE0022A,Stockholm,SE,2020-08-31T17:00:00+00:00,2020-08-31T19:00:00+02:00,pm10,15.2202,µg/m³,59.31694,18.057501,,,,
9473,SE0022A,Stockholm,SE,2020-08-31T16:00:00+00:00,2020-08-31T18:00:00+02:00,pm10,7.8671,µg/m³,59.31694,18.057501,,,,
9473,SE0022A,Stockholm,SE,2020-08-31T15:00:00+00:00,2020-08-31T17:00:00+02:00,pm10,4.02584,µg/m³,59.31694,18.057501,,,,
9473,SE0022A,Stockholm,SE,2020-08-31T14:00:00+00:00,2020-08-31T16:00:00+02:00,pm10,9.49516,µg/m³,59.31694,18.057501,,,,
9473,SE0022A,Stockholm,SE,2020-08-31T13:00:00+00:00,2020-08-31T15:00:00+02:00,pm10,9.61986,µg/m³,59.31694,18.057501,,,,
9473,SE0022A,Stockholm,SE,2020-08-31T12:00:00+00:00,2020-08-31T14:00:00+02:00,pm10,7.20515,µg/m³,59.31694,18.057501,,,,
9473,SE0022A,Stockholm,SE,2020-08-31T11:00:00+00:00,2020-08-31T13:00:00+02:00,pm10,10.4478,µg/m³,59.31694,18.057501,,,,
9473,SE0022A,Stockholm,SE,2020-08-31T10:00:00+00:00,2020-08-31T12:00:00+02:00,pm10,2.13485,µg/m³,59.31694,18.057501,,,,
9473,SE0022A,Stockholm,SE,2020-08-31T09:00:00+00:00,2020-08-31T11:00:00+02:00,pm10,3.66199,µg/m³,59.31694,18.057501,,,,
9473,SE0022A,Stockholm,SE,2020-08-31T08:00:00+00:00,2020-08-31T10:00:00+02:00,pm10,1.92768,µg/m³,59.31694,18.057501,,,,
9473,SE0022A,Stockholm,SE,2020-08-31T07:00:00+00:00,2020-08-31T09:00:00+02:00,pm10,2.18436,µg/m³,59.31694,18.057501,,,,
9473,SE0022A,Stockholm,SE,2020-08-31T06:00:00+00:00,2020-08-31T08:00:00+02:00,pm10,1.30899,µg/m³,59.31694,18.057501,,,,
9473,SE0022A,Stockholm,SE,2020-08-31T05:00:00+00:00,2020-08-31T07:00:00+02:00,pm10,0.528155,µg/m³,59.31694,18.057501,,,,
9473,SE0022A,Stockholm,SE,2020-08-31T04:00:00+00:00,2020-08-31T06:00:00+02:00,pm10,-3.07932,µg/m³,59.31694,18.057501,,,,
9473,SE0022A,Stockholm,SE,2020-08-31T03:00:00+00:00,2020-08-31T05:00:00+02:00,pm10,-1.20335,µg/m³,59.31694,18.057501,,,,
9473,SE0022A,Stockholm,SE,2020-08-31T02:00:00+00:00,2020-08-31T04:00:00+02:00,pm10,-1.08893,µg/m³,59.31694,18.057501,,,,
9473,SE0022A,Stockholm,SE,2020-08-31T01:00:00+00:00,2020-08-31T03:00:00+02:00,pm10,1.48437,µg/m³,59.31694,18.057501,,,,
9473,SE0022A,Stockholm,SE,2020-08-31T00:00:00+00:00,2020-08-31T02:00:00+02:00,pm10,-0.281705,µg/m³,59.31694,18.057501,,,,
9473,SE0022A,Stockholm,SE,2020-08-30T23:00:00+00:00,2020-08-31T01:00:00+02:00,pm10,1.15893,µg/m³,59.31694,18.057501,,,,
9473,SE0022A,Stockholm,SE,2020-08-30T22:00:00+00:00,2020-08-31T00:00:00+02:00,pm10,3.98622,µg/m³,59.31694,18.057501,,,,
9474,SE0027A,Stockholm,SE,2020-08-31T22:00:00+00:00,2020-09-01T00:00:00+02:00,pm10,3.67104,µg/m³,59.34111,18.05862,,,,
9474,SE0027A,Stockholm,SE,2020-08-31T21:00:00+00:00,2020-08-31T23:00:00+02:00,pm10,3.31639,µg/m³,59.34111,18.05862,,,,
9474,SE0027A,Stockholm,SE,2020-08-31T20:00:00+00:00,2020-08-31T22:00:00+02:00,pm10,3.30767,µg/m³,59.34111,18.05862,,,,
9474,SE0027A,Stockholm,SE,2020-08-31T19:00:00+00:00,2020-08-31T21:00:00+02:00,pm10,11.5226,µg/m³,59.34111,18.05862,,,,
9474,SE0027A,Stockholm,SE,2020-08-31T18:00:00+00:00,2020-08-31T20:00:00+02:00,pm10,11.2544,µg/m³,59.34111,18.05862,,,,
9474,SE0027A,Stockholm,SE,2020-08-31T17:00:00+00:00,2020-08-31T19:00:00+02:00,pm10,12.387,µg/m³,59.34111,18.05862,,,,
9474,SE0027A,Stockholm,SE,2020-08-31T16:00:00+00:00,2020-08-31T18:00:00+02:00,pm10,11.103,µg/m³,59.34111,18.05862,,,,
9474,SE0027A,Stockholm,SE,2020-08-31T15:00:00+00:00,2020-08-31T17:00:00+02:00,pm10,27.2739,µg/m³,59.34111,18.05862,,,,
9474,SE0027A,Stockholm,SE,2020-08-31T14:00:00+00:00,2020-08-31T16:00:00+02:00,pm10,13.0975,µg/m³,59.34111,18.05862,,,,
9474,SE0027A,Stockholm,SE,2020-08-31T13:00:00+00:00,2020-08-31T15:00:00+02:00,pm10,12.3117,µg/m³,59.34111,18.05862,,,,
9474,SE0027A,Stockholm,SE,2020-08-31T12:00:00+00:00,2020-08-31T14:00:00+02:00,pm10,8.70003,µg/m³,59.34111,18.05862,,,,
9474,SE0027A,Stockholm,SE,2020-08-31T11:00:00+00:00,2020-08-31T13:00:00+02:00,pm10,12.2076,µg/m³,59.34111,18.05862,,,,
9474,SE0027A,Stockholm,SE,2020-08-31T10:00:00+00:00,2020-08-31T12:00:00+02:00,pm10,7.16058,µg/m³,59.34111,18.05862,,,,
9474,SE0027A,Stockholm,SE,2020-08-31T09:00:00+00:00,2020-08-31T11:00:00+02:00,pm10,7.03747,µg/m³,59.34111,18.05862,,,,
9474,SE0027A,Stockholm,SE,2020-08-31T08:00:00+00:00,2020-08-31T10:00:00+02:00,pm10,29.1471,µg/m³,59.34111,18.05862,,,,
9474,SE0027A,Stockholm,SE,2020-08-31T07:00:00+00:00,2020-08-31T09:00:00+02:00,pm10,8.25887,µg/m³,59.34111,18.05862,,,,
9474,SE0027A,Stockholm,SE,2020-08-31T06:00:00+00:00,2020-08-31T08:00:00+02:00,pm10,11.1716,µg/m³,59.34111,18.05862,,,,
9474,SE0027A,Stockholm,SE,2020-08-31T05:00:00+00:00,2020-08-31T07:00:00+02:00,pm10,4.97117,µg/m³,59.34111,18.05862,,,,
9474,SE0027A,Stockholm,SE,2020-08-31T04:00:00+00:00,2020-08-31T06:00:00+02:00,pm10,2.41385,µg/m³,59.34111,18.05862,,,,
9474,SE0027A,Stockholm,SE,2020-08-31T03:00:00+00:00,2020-08-31T05:00:00+02:00,pm10,2.31884,µg/m³,59.34111,18.05862,,,,
9474,SE0027A,Stockholm,SE,2020-08-31T02:00:00+00:00,2020-08-31T04:00:00+02:00,pm10,3.11507,µg/m³,59.34111,18.05862,,,,
9474,SE0027A,Stockholm,SE,2020-08-31T01:00:00+00:00,2020-08-31T03:00:00+02:00,pm10,0.164473,µg/m³,59.34111,18.05862,,,,
9474,SE0027A,Stockholm,SE,2020-08-31T00:00:00+00:00,2020-08-31T02:00:00+02:00,pm10,0.181365,µg/m³,59.34111,18.05862,,,,
9474,SE0027A,Stockholm,SE,2020-08-30T23:00:00+00:00,2020-08-31T01:00:00+02:00,pm10,3.07788,µg/m³,59.34111,18.05862,,,,
9474,SE0027A,Stockholm,SE,2020-08-30T22:00:00+00:00,2020-08-31T00:00:00+02:00,pm10,6.50183,µg/m³,59.34111,18.05862,,,,
10922,Solna Råsundavägen,Stockholm,SE,2020-08-31T22:00:00+00:00,2020-09-01T00:00:00+02:00,pm10,2.708,µg/m³,59.362291,17.992711,,,,
10922,Solna Råsundavägen,Stockholm,SE,2020-08-31T21:00:00+00:00,2020-08-31T23:00:00+02:00,pm10,2.69275,µg/m³,59.362291,17.992711,,,,
10922,Solna Råsundavägen,Stockholm,SE,2020-08-31T20:00:00+00:00,2020-08-31T22:00:00+02:00,pm10,2.78625,µg/m³,59.362291,17.992711,,,,
10922,Solna Råsundavägen,Stockholm,SE,2020-08-31T19:00:00+00:00,2020-08-31T21:00:00+02:00,pm10,2.60625,µg/m³,59.362291,17.992711,,,,
10922,Solna Råsundavägen,Stockholm,SE,2020-08-31T18:00:00+00:00,2020-08-31T20:00:00+02:00,pm10,3.51825,µg/m³,59.362291,17.992711,,,,
10922,Solna Råsundavägen,Stockholm,SE,2020-08-31T17:00:00+00:00,2020-08-31T19:00:00+02:00,pm10,4.30925,µg/m³,59.362291,17.992711,,,,
10922,Solna Råsundavägen,Stockholm,SE,2020-08-31T16:00:00+00:00,2020-08-31T18:00:00+02:00,pm10,2.85875,µg/m³,59.362291,17.992711,,,,
10922,Solna Råsundavägen,Stockholm,SE,2020-08-31T15:00:00+00:00,2020-08-31T17:00:00+02:00,pm10,2.423,µg/m³,59.362291,17.992711,,,,
10922,Solna Råsundavägen,Stockholm,SE,2020-08-31T14:00:00+00:00,2020-08-31T16:00:00+02:00,pm10,1.968,µg/m³,59.362291,17.992711,,,,
10922,Solna Råsundavägen,Stockholm,SE,2020-08-31T13:00:00+00:00,2020-08-31T15:00:00+02:00,pm10,1.66125,µg/m³,59.362291,17.992711,,,,
10922,Solna Råsundavägen,Stockholm,SE,2020-08-31T12:00:00+00:00,2020-08-31T14:00:00+02:00,pm10,3.475,µg/m³,59.362291,17.992711,,,,
10922,Solna Råsundavägen,Stockholm,SE,2020-08-31T11:00:00+00:00,2020-08-31T13:00:00+02:00,pm10,1.64125,µg/m³,59.362291,17.992711,,,,
10922,Solna Råsundavägen,Stockholm,SE,2020-08-31T10:00:00+00:00,2020-08-31T12:00:00+02:00,pm10,1.80925,µg/m³,59.362291,17.992711,,,,
10922,Solna Råsundavägen,Stockholm,SE,2020-08-31T09:00:00+00:00,2020-08-31T11:00:00+02:00,pm10,3.32075,µg/m³,59.362291,17.992711,,,,
10922,Solna Råsundavägen,Stockholm,SE,2020-08-31T08:00:00+00:00,2020-08-31T10:00:00+02:00,pm10,5.6975,µg/m³,59.362291,17.992711,,,,
10922,Solna Råsundavägen,Stockholm,SE,2020-08-31T07:00:00+00:00,2020-08-31T09:00:00+02:00,pm10,1.924,µg/m³,59.362291,17.992711,,,,
10922,Solna Råsundavägen,Stockholm,SE,2020-08-31T06:00:00+00:00,2020-08-31T08:00:00+02:00,pm10,2.3815,µg/m³,59.362291,17.992711,,,,
10922,Solna Råsundavägen,Stockholm,SE,2020-08-31T05:00:00+00:00,2020-08-31T07:00:00+02:00,pm10,2.56775,µg/m³,59.362291,17.992711,,,,
10922,Solna Råsundavägen,Stockholm,SE,2020-08-31T04:00:00+00:00,2020-08-31T06:00:00+02:00,pm10,2.504,µg/m³,59.362291,17.992711,,,,
10922,Solna Råsundavägen,Stockholm,SE,2020-08-31T03:00:00+00:00,2020-08-31T05:00:00+02:00,pm10,3.02175,µg/m³,59.362291,17.992711,,,,
10922,Solna Råsundavägen,Stockholm,SE,2020-08-31T02:00:00+00:00,2020-08-31T04:00:00+02:00,pm10,2.68025,µg/m³,59.362291,17.992711,,,,
10922,Solna Råsundavägen,Stockholm,SE,2020-08-31T01:00:00+00:00,2020-08-31T03:00:00+02:00,pm10,3.38225,µg/m³,59.362291,17.992711,,,,
10922,Solna Råsundavägen,Stockholm,SE,2020-08-31T00:00:00+00:00,2020-08-31T02:00:00+02:00,pm10,2.32375,µg/m³,59.362291,17.992711,,,,
10922,Solna Råsundavägen,Stockholm,SE,2020-08-30T23:00:00+00:00,2020-08-31T01:00:00+02:00,pm10,4.0355,µg/m³,59.362291,17.992711,,,,
10922,Solna Råsundavägen,Stockholm,SE,2020-08-30T22:00:00+00:00,2020-08-31T00:00:00+02:00,pm10,5.91575,µg/m³,59.362291,17.992711,,,,
10924,Sankt Eriksgatan,Stockholm,SE,2020-08-31T22:00:00+00:00,2020-09-01T00:00:00+02:00,pm10,2.98675,µg/m³,59.338921,18.035773,,,,
10924,Sankt Eriksgatan,Stockholm,SE,2020-08-31T21:00:00+00:00,2020-08-31T23:00:00+02:00,pm10,3.003,µg/m³,59.338921,18.035773,,,,
10924,Sankt Eriksgatan,Stockholm,SE,2020-08-31T20:00:00+00:00,2020-08-31T22:00:00+02:00,pm10,3.48475,µg/m³,59.338921,18.035773,,,,
10924,Sankt Eriksgatan,Stockholm,SE,2020-08-31T19:00:00+00:00,2020-08-31T21:00:00+02:00,pm10,3.953,µg/m³,59.338921,18.035773,,,,
10924,Sankt Eriksgatan,Stockholm,SE,2020-08-31T18:00:00+00:00,2020-08-31T20:00:00+02:00,pm10,3.84775,µg/m³,59.338921,18.035773,,,,
10924,Sankt Eriksgatan,Stockholm,SE,2020-08-31T17:00:00+00:00,2020-08-31T19:00:00+02:00,pm10,4.32475,µg/m³,59.338921,18.035773,,,,
10924,Sankt Eriksgatan,Stockholm,SE,2020-08-31T16:00:00+00:00,2020-08-31T18:00:00+02:00,pm10,7.33025,µg/m³,59.338921,18.035773,,,,
10924,Sankt Eriksgatan,Stockholm,SE,2020-08-31T15:00:00+00:00,2020-08-31T17:00:00+02:00,pm10,8.39375,µg/m³,59.338921,18.035773,,,,
10924,Sankt Eriksgatan,Stockholm,SE,2020-08-31T14:00:00+00:00,2020-08-31T16:00:00+02:00,pm10,6.01875,µg/m³,59.338921,18.035773,,,,
10924,Sankt Eriksgatan,Stockholm,SE,2020-08-31T13:00:00+00:00,2020-08-31T15:00:00+02:00,pm10,5.383,µg/m³,59.338921,18.035773,,,,
10924,Sankt Eriksgatan,Stockholm,SE,2020-08-31T12:00:00+00:00,2020-08-31T14:00:00+02:00,pm10,7.20325,µg/m³,59.338921,18.035773,,,,
10924,Sankt Eriksgatan,Stockholm,SE,2020-08-31T11:00:00+00:00,2020-08-31T13:00:00+02:00,pm10,4.89675,µg/m³,59.338921,18.035773,,,,
10924,Sankt Eriksgatan,Stockholm,SE,2020-08-31T10:00:00+00:00,2020-08-31T12:00:00+02:00,pm10,5.30325,µg/m³,59.338921,18.035773,,,,
10924,Sankt Eriksgatan,Stockholm,SE,2020-08-31T09:00:00+00:00,2020-08-31T11:00:00+02:00,pm10,6.62575,µg/m³,59.338921,18.035773,,,,
10924,Sankt Eriksgatan,Stockholm,SE,2020-08-31T08:00:00+00:00,2020-08-31T10:00:00+02:00,pm10,7.529,µg/m³,59.338921,18.035773,,,,
10924,Sankt Eriksgatan,Stockholm,SE,2020-08-31T07:00:00+00:00,2020-08-31T09:00:00+02:00,pm10,4.8015,µg/m³,59.338921,18.035773,,,,
10924,Sankt Eriksgatan,Stockholm,SE,2020-08-31T06:00:00+00:00,2020-08-31T08:00:00+02:00,pm10,3.5755,µg/m³,59.338921,18.035773,,,,
10924,Sankt Eriksgatan,Stockholm,SE,2020-08-31T05:00:00+00:00,2020-08-31T07:00:00+02:00,pm10,3.824,µg/m³,59.338921,18.035773,,,,
10924,Sankt Eriksgatan,Stockholm,SE,2020-08-31T04:00:00+00:00,2020-08-31T06:00:00+02:00,pm10,2.954,µg/m³,59.338921,18.035773,,,,
10924,Sankt Eriksgatan,Stockholm,SE,2020-08-31T03:00:00+00:00,2020-08-31T05:00:00+02:00,pm10,2.94975,µg/m³,59.338921,18.035773,,,,
10924,Sankt Eriksgatan,Stockholm,SE,2020-08-31T02:00:00+00:00,2020-08-31T04:00:00+02:00,pm10,2.154,µg/m³,59.338921,18.035773,,,,
10924,Sankt Eriksgatan,Stockholm,SE,2020-08-31T01:00:00+00:00,2020-08-31T03:00:00+02:00,pm10,1.80675,µg/m³,59.338921,18.035773,,,,
10924,Sankt Eriksgatan,Stockholm,SE,2020-08-31T00:00:00+00:00,2020-08-31T02:00:00+02:00,pm10,2.2965,µg/m³,59.338921,18.035773,,,,
10924,Sankt Eriksgatan,Stockholm,SE,2020-08-30T23:00:00+00:00,2020-08-31T01:00:00+02:00,pm10,4.9805,µg/m³,59.338921,18.035773,,,,
10924,Sankt Eriksgatan,Stockholm,SE,2020-08-30T22:00:00+00:00,2020-08-31T00:00:00+02:00,pm10,7.13775,µg/m³,59.338921,18.035773,,,,
10925,Regional bakgrund (Norr Malma),Stockholm,SE,2020-08-31T22:00:00+00:00,2020-09-01T00:00:00+02:00,pm10,4.34975,µg/m³,59.83171574,18.63317244,,,,
10925,Regional bakgrund (Norr Malma),Stockholm,SE,2020-08-31T21:00:00+00:00,2020-08-31T23:00:00+02:00,pm10,3.6075,µg/m³,59.83171574,18.63317244,,,,
10925,Regional bakgrund (Norr Malma),Stockholm,SE,2020-08-31T20:00:00+00:00,2020-08-31T22:00:00+02:00,pm10,3.4665,µg/m³,59.83171574,18.63317244,,,,
10925,Regional bakgrund (Norr Malma),Stockholm,SE,2020-08-31T19:00:00+00:00,2020-08-31T21:00:00+02:00,pm10,2.63775,µg/m³,59.83171574,18.63317244,,,,
10925,Regional bakgrund (Norr Malma),Stockholm,SE,2020-08-31T18:00:00+00:00,2020-08-31T20:00:00+02:00,pm10,2.089,µg/m³,59.83171574,18.63317244,,,,
10925,Regional bakgrund (Norr Malma),Stockholm,SE,2020-08-31T17:00:00+00:00,2020-08-31T19:00:00+02:00,pm10,1.721,µg/m³,59.83171574,18.63317244,,,,
10925,Regional bakgrund (Norr Malma),Stockholm,SE,2020-08-31T16:00:00+00:00,2020-08-31T18:00:00+02:00,pm10,1.23525,µg/m³,59.83171574,18.63317244,,,,
10925,Regional bakgrund (Norr Malma),Stockholm,SE,2020-08-31T15:00:00+00:00,2020-08-31T17:00:00+02:00,pm10,3.98275,µg/m³,59.83171574,18.63317244,,,,
10925,Regional bakgrund (Norr Malma),Stockholm,SE,2020-08-31T14:00:00+00:00,2020-08-31T16:00:00+02:00,pm10,1.56025,µg/m³,59.83171574,18.63317244,,,,
10925,Regional bakgrund (Norr Malma),Stockholm,SE,2020-08-31T13:00:00+00:00,2020-08-31T15:00:00+02:00,pm10,1.273,µg/m³,59.83171574,18.63317244,,,,
10925,Regional bakgrund (Norr Malma),Stockholm,SE,2020-08-31T12:00:00+00:00,2020-08-31T14:00:00+02:00,pm10,1.1085,µg/m³,59.83171574,18.63317244,,,,
10925,Regional bakgrund (Norr Malma),Stockholm,SE,2020-08-31T11:00:00+00:00,2020-08-31T13:00:00+02:00,pm10,1.19875,µg/m³,59.83171574,18.63317244,,,,
10925,Regional bakgrund (Norr Malma),Stockholm,SE,2020-08-31T10:00:00+00:00,2020-08-31T12:00:00+02:00,pm10,0.993,µg/m³,59.83171574,18.63317244,,,,
10925,Regional bakgrund (Norr Malma),Stockholm,SE,2020-08-31T09:00:00+00:00,2020-08-31T11:00:00+02:00,pm10,1.17125,µg/m³,59.83171574,18.63317244,,,,
10925,Regional bakgrund (Norr Malma),Stockholm,SE,2020-08-31T08:00:00+00:00,2020-08-31T10:00:00+02:00,pm10,1.365,µg/m³,59.83171574,18.63317244,,,,
10925,Regional bakgrund (Norr Malma),Stockholm,SE,2020-08-31T07:00:00+00:00,2020-08-31T09:00:00+02:00,pm10,1.66,µg/m³,59.83171574,18.63317244,,,,
10925,Regional bakgrund (Norr Malma),Stockholm,SE,2020-08-31T06:00:00+00:00,2020-08-31T08:00:00+02:00,pm10,1.81275,µg/m³,59.83171574,18.63317244,,,,
10925,Regional bakgrund (Norr Malma),Stockholm,SE,2020-08-31T05:00:00+00:00,2020-08-31T07:00:00+02:00,pm10,1.99925,µg/m³,59.83171574,18.63317244,,,,
10925,Regional bakgrund (Norr Malma),Stockholm,SE,2020-08-31T04:00:00+00:00,2020-08-31T06:00:00+02:00,pm10,1.71875,µg/m³,59.83171574,18.63317244,,,,
10925,Regional bakgrund (Norr Malma),Stockholm,SE,2020-08-31T03:00:00+00:00,2020-08-31T05:00:00+02:00,pm10,1.97875,µg/m³,59.83171574,18.63317244,,,,
10925,Regional bakgrund (Norr Malma),Stockholm,SE,2020-08-31T02:00:00+00:00,2020-08-31T04:00:00+02:00,pm10,3.82775,µg/m³,59.83171574,18.63317244,,,,
10925,Regional bakgrund (Norr Malma),Stockholm,SE,2020-08-31T01:00:00+00:00,2020-08-31T03:00:00+02:00,pm10,2.00775,µg/m³,59.83171574,18.63317244,,,,
10925,Regional bakgrund (Norr Malma),Stockholm,SE,2020-08-31T00:00:00+00:00,2020-08-31T02:00:00+02:00,pm10,2.0495,µg/m³,59.83171574,18.63317244,,,,
10925,Regional bakgrund (Norr Malma),Stockholm,SE,2020-08-30T23:00:00+00:00,2020-08-31T01:00:00+02:00,pm10,2.66,µg/m³,59.83171574,18.63317244,,,,
10925,Regional bakgrund (Norr Malma),Stockholm,SE,2020-08-30T22:00:00+00:00,2020-08-31T00:00:00+02:00,pm10,3.36975,µg/m³,59.83171574,18.63317244,,,,
10926,Skonertvägen (E4/E20),Stockholm,SE,2020-08-31T22:00:00+00:00,2020-09-01T00:00:00+02:00,pm10,2.69675,µg/m³,59.313251,18.00388,,,,
10926,Skonertvägen (E4/E20),Stockholm,SE,2020-08-31T21:00:00+00:00,2020-08-31T23:00:00+02:00,pm10,2.521,µg/m³,59.313251,18.00388,,,,
10926,Skonertvägen (E4/E20),Stockholm,SE,2020-08-31T20:00:00+00:00,2020-08-31T22:00:00+02:00,pm10,2.8575,µg/m³,59.313251,18.00388,,,,
10926,Skonertvägen (E4/E20),Stockholm,SE,2020-08-31T19:00:00+00:00,2020-08-31T21:00:00+02:00,pm10,4.06625,µg/m³,59.313251,18.00388,,,,
10926,Skonertvägen (E4/E20),Stockholm,SE,2020-08-31T18:00:00+00:00,2020-08-31T20:00:00+02:00,pm10,7.2035,µg/m³,59.313251,18.00388,,,,
10926,Skonertvägen (E4/E20),Stockholm,SE,2020-08-31T17:00:00+00:00,2020-08-31T19:00:00+02:00,pm10,15.665,µg/m³,59.313251,18.00388,,,,
10926,Skonertvägen (E4/E20),Stockholm,SE,2020-08-31T16:00:00+00:00,2020-08-31T18:00:00+02:00,pm10,6.767,µg/m³,59.313251,18.00388,,,,
10926,Skonertvägen (E4/E20),Stockholm,SE,2020-08-31T15:00:00+00:00,2020-08-31T17:00:00+02:00,pm10,1.73777,µg/m³,59.313251,18.00388,,,,
10926,Skonertvägen (E4/E20),Stockholm,SE,2020-08-31T14:00:00+00:00,2020-08-31T16:00:00+02:00,pm10,5.83625,µg/m³,59.313251,18.00388,,,,
10926,Skonertvägen (E4/E20),Stockholm,SE,2020-08-31T13:00:00+00:00,2020-08-31T15:00:00+02:00,pm10,4.075,µg/m³,59.313251,18.00388,,,,
10926,Skonertvägen (E4/E20),Stockholm,SE,2020-08-31T12:00:00+00:00,2020-08-31T14:00:00+02:00,pm10,17.31,µg/m³,59.313251,18.00388,,,,
10926,Skonertvägen (E4/E20),Stockholm,SE,2020-08-31T11:00:00+00:00,2020-08-31T13:00:00+02:00,pm10,7.103,µg/m³,59.313251,18.00388,,,,
10926,Skonertvägen (E4/E20),Stockholm,SE,2020-08-31T10:00:00+00:00,2020-08-31T12:00:00+02:00,pm10,6.63275,µg/m³,59.313251,18.00388,,,,
10926,Skonertvägen (E4/E20),Stockholm,SE,2020-08-31T09:00:00+00:00,2020-08-31T11:00:00+02:00,pm10,6.80375,µg/m³,59.313251,18.00388,,,,
10926,Skonertvägen (E4/E20),Stockholm,SE,2020-08-31T08:00:00+00:00,2020-08-31T10:00:00+02:00,pm10,23.1525,µg/m³,59.313251,18.00388,,,,
10926,Skonertvägen (E4/E20),Stockholm,SE,2020-08-31T07:00:00+00:00,2020-08-31T09:00:00+02:00,pm10,6.42325,µg/m³,59.313251,18.00388,,,,
10926,Skonertvägen (E4/E20),Stockholm,SE,2020-08-31T06:00:00+00:00,2020-08-31T08:00:00+02:00,pm10,5.77875,µg/m³,59.313251,18.00388,,,,
10926,Skonertvägen (E4/E20),Stockholm,SE,2020-08-31T05:00:00+00:00,2020-08-31T07:00:00+02:00,pm10,6.08225,µg/m³,59.313251,18.00388,,,,
10926,Skonertvägen (E4/E20),Stockholm,SE,2020-08-31T04:00:00+00:00,2020-08-31T06:00:00+02:00,pm10,2.89775,µg/m³,59.313251,18.00388,,,,
10926,Skonertvägen (E4/E20),Stockholm,SE,2020-08-31T03:00:00+00:00,2020-08-31T05:00:00+02:00,pm10,2.5805,µg/m³,59.313251,18.00388,,,,
10926,Skonertvägen (E4/E20),Stockholm,SE,2020-08-31T02:00:00+00:00,2020-08-31T04:00:00+02:00,pm10,0.9718,µg/m³,59.313251,18.00388,,,,
10926,Skonertvägen (E4/E20),Stockholm,SE,2020-08-31T01:00:00+00:00,2020-08-31T03:00:00+02:00,pm10,0.01,µg/m³,59.313251,18.00388,,,,
10926,Skonertvägen (E4/E20),Stockholm,SE,2020-08-31T00:00:00+00:00,2020-08-31T02:00:00+02:00,pm10,0.0274001,µg/m³,59.313251,18.00388,,,,
10926,Skonertvägen (E4/E20),Stockholm,SE,2020-08-30T23:00:00+00:00,2020-08-31T01:00:00+02:00,pm10,2.2945,µg/m³,59.313251,18.00388,,,,
10926,Skonertvägen (E4/E20),Stockholm,SE,2020-08-30T22:00:00+00:00,2020-08-31T00:00:00+02:00,pm10,2.9425,µg/m³,59.313251,18.00388,,,,
10927,Sollentuna Danderydsvägen,Stockholm,SE,2020-08-31T22:00:00+00:00,2020-09-01T00:00:00+02:00,pm10,2.047,µg/m³,59.44575,17.952473,,,,
10927,Sollentuna Danderydsvägen,Stockholm,SE,2020-08-31T21:00:00+00:00,2020-08-31T23:00:00+02:00,pm10,2.11225,µg/m³,59.44575,17.952473,,,,
10927,Sollentuna Danderydsvägen,Stockholm,SE,2020-08-31T20:00:00+00:00,2020-08-31T22:00:00+02:00,pm10,2.0305,µg/m³,59.44575,17.952473,,,,
10927,Sollentuna Danderydsvägen,Stockholm,SE,2020-08-31T19:00:00+00:00,2020-08-31T21:00:00+02:00,pm10,2.395,µg/m³,59.44575,17.952473,,,,
10927,Sollentuna Danderydsvägen,Stockholm,SE,2020-08-31T18:00:00+00:00,2020-08-31T20:00:00+02:00,pm10,1.86125,µg/m³,59.44575,17.952473,,,,
10927,Sollentuna Danderydsvägen,Stockholm,SE,2020-08-31T17:00:00+00:00,2020-08-31T19:00:00+02:00,pm10,1.5985,µg/m³,59.44575,17.952473,,,,
10927,Sollentuna Danderydsvägen,Stockholm,SE,2020-08-31T16:00:00+00:00,2020-08-31T18:00:00+02:00,pm10,3.85375,µg/m³,59.44575,17.952473,,,,
10927,Sollentuna Danderydsvägen,Stockholm,SE,2020-08-31T15:00:00+00:00,2020-08-31T17:00:00+02:00,pm10,5.022,µg/m³,59.44575,17.952473,,,,
10927,Sollentuna Danderydsvägen,Stockholm,SE,2020-08-31T14:00:00+00:00,2020-08-31T16:00:00+02:00,pm10,3.15875,µg/m³,59.44575,17.952473,,,,
10927,Sollentuna Danderydsvägen,Stockholm,SE,2020-08-31T13:00:00+00:00,2020-08-31T15:00:00+02:00,pm10,3.396,µg/m³,59.44575,17.952473,,,,
10927,Sollentuna Danderydsvägen,Stockholm,SE,2020-08-31T12:00:00+00:00,2020-08-31T14:00:00+02:00,pm10,2.83375,µg/m³,59.44575,17.952473,,,,
10927,Sollentuna Danderydsvägen,Stockholm,SE,2020-08-31T11:00:00+00:00,2020-08-31T13:00:00+02:00,pm10,6.781,µg/m³,59.44575,17.952473,,,,
10927,Sollentuna Danderydsvägen,Stockholm,SE,2020-08-31T10:00:00+00:00,2020-08-31T12:00:00+02:00,pm10,3.5555,µg/m³,59.44575,17.952473,,,,
10927,Sollentuna Danderydsvägen,Stockholm,SE,2020-08-31T09:00:00+00:00,2020-08-31T11:00:00+02:00,pm10,2.95875,µg/m³,59.44575,17.952473,,,,
10927,Sollentuna Danderydsvägen,Stockholm,SE,2020-08-31T08:00:00+00:00,2020-08-31T10:00:00+02:00,pm10,4.84251,µg/m³,59.44575,17.952473,,,,
10927,Sollentuna Danderydsvägen,Stockholm,SE,2020-08-31T07:00:00+00:00,2020-08-31T09:00:00+02:00,pm10,5.306,µg/m³,59.44575,17.952473,,,,
10927,Sollentuna Danderydsvägen,Stockholm,SE,2020-08-31T06:00:00+00:00,2020-08-31T08:00:00+02:00,pm10,2.448,µg/m³,59.44575,17.952473,,,,
10927,Sollentuna Danderydsvägen,Stockholm,SE,2020-08-31T05:00:00+00:00,2020-08-31T07:00:00+02:00,pm10,2.24825,µg/m³,59.44575,17.952473,,,,
10927,Sollentuna Danderydsvägen,Stockholm,SE,2020-08-31T04:00:00+00:00,2020-08-31T06:00:00+02:00,pm10,3.595,µg/m³,59.44575,17.952473,,,,
10927,Sollentuna Danderydsvägen,Stockholm,SE,2020-08-31T03:00:00+00:00,2020-08-31T05:00:00+02:00,pm10,2.6625,µg/m³,59.44575,17.952473,,,,
10927,Sollentuna Danderydsvägen,Stockholm,SE,2020-08-31T02:00:00+00:00,2020-08-31T04:00:00+02:00,pm10,2.6975,µg/m³,59.44575,17.952473,,,,
10927,Sollentuna Danderydsvägen,Stockholm,SE,2020-08-31T01:00:00+00:00,2020-08-31T03:00:00+02:00,pm10,2.2145,µg/m³,59.44575,17.952473,,,,
10927,Sollentuna Danderydsvägen,Stockholm,SE,2020-08-31T00:00:00+00:00,2020-08-31T02:00:00+02:00,pm10,2.0045,µg/m³,59.44575,17.952473,,,,
10927,Sollentuna Danderydsvägen,Stockholm,SE,2020-08-30T23:00:00+00:00,2020-08-31T01:00:00+02:00,pm10,2.71875,µg/m³,59.44575,17.952473,,,,
10927,Sollentuna Danderydsvägen,Stockholm,SE,2020-08-30T22:00:00+00:00,2020-08-31T00:00:00+02:00,pm10,4.7185,µg/m³,59.44575,17.952473,,,,
10929,Sollentuna Häggvik (E4),Stockholm,SE,2020-08-31T22:00:00+00:00,2020-09-01T00:00:00+02:00,pm10,3.1585,µg/m³,59.44358,17.922494,,,,
10929,Sollentuna Häggvik (E4),Stockholm,SE,2020-08-31T21:00:00+00:00,2020-08-31T23:00:00+02:00,pm10,9.7915,µg/m³,59.44358,17.922494,,,,
10929,Sollentuna Häggvik (E4),Stockholm,SE,2020-08-31T20:00:00+00:00,2020-08-31T22:00:00+02:00,pm10,4.68225,µg/m³,59.44358,17.922494,,,,
10929,Sollentuna Häggvik (E4),Stockholm,SE,2020-08-31T19:00:00+00:00,2020-08-31T21:00:00+02:00,pm10,4.08925,µg/m³,59.44358,17.922494,,,,
10929,Sollentuna Häggvik (E4),Stockholm,SE,2020-08-31T18:00:00+00:00,2020-08-31T20:00:00+02:00,pm10,2.39075,µg/m³,59.44358,17.922494,,,,
10929,Sollentuna Häggvik (E4),Stockholm,SE,2020-08-31T17:00:00+00:00,2020-08-31T19:00:00+02:00,pm10,4.30325,µg/m³,59.44358,17.922494,,,,
10929,Sollentuna Häggvik (E4),Stockholm,SE,2020-08-31T16:00:00+00:00,2020-08-31T18:00:00+02:00,pm10,4.485,µg/m³,59.44358,17.922494,,,,
10929,Sollentuna Häggvik (E4),Stockholm,SE,2020-08-31T15:00:00+00:00,2020-08-31T17:00:00+02:00,pm10,5.3615,µg/m³,59.44358,17.922494,,,,
10929,Sollentuna Häggvik (E4),Stockholm,SE,2020-08-31T14:00:00+00:00,2020-08-31T16:00:00+02:00,pm10,7.0565,µg/m³,59.44358,17.922494,,,,
10929,Sollentuna Häggvik (E4),Stockholm,SE,2020-08-31T13:00:00+00:00,2020-08-31T15:00:00+02:00,pm10,6.84525,µg/m³,59.44358,17.922494,,,,
10929,Sollentuna Häggvik (E4),Stockholm,SE,2020-08-31T12:00:00+00:00,2020-08-31T14:00:00+02:00,pm10,3.825,µg/m³,59.44358,17.922494,,,,
10929,Sollentuna Häggvik (E4),Stockholm,SE,2020-08-31T11:00:00+00:00,2020-08-31T13:00:00+02:00,pm10,4.2425,µg/m³,59.44358,17.922494,,,,
10929,Sollentuna Häggvik (E4),Stockholm,SE,2020-08-31T10:00:00+00:00,2020-08-31T12:00:00+02:00,pm10,7.9295,µg/m³,59.44358,17.922494,,,,
10929,Sollentuna Häggvik (E4),Stockholm,SE,2020-08-31T09:00:00+00:00,2020-08-31T11:00:00+02:00,pm10,12.662,µg/m³,59.44358,17.922494,,,,
10929,Sollentuna Häggvik (E4),Stockholm,SE,2020-08-31T08:00:00+00:00,2020-08-31T10:00:00+02:00,pm10,4.45175,µg/m³,59.44358,17.922494,,,,
10929,Sollentuna Häggvik (E4),Stockholm,SE,2020-08-31T07:00:00+00:00,2020-08-31T09:00:00+02:00,pm10,3.0115,µg/m³,59.44358,17.922494,,,,
10929,Sollentuna Häggvik (E4),Stockholm,SE,2020-08-31T06:00:00+00:00,2020-08-31T08:00:00+02:00,pm10,3.80325,µg/m³,59.44358,17.922494,,,,
10929,Sollentuna Häggvik (E4),Stockholm,SE,2020-08-31T05:00:00+00:00,2020-08-31T07:00:00+02:00,pm10,4.9005,µg/m³,59.44358,17.922494,,,,
10929,Sollentuna Häggvik (E4),Stockholm,SE,2020-08-31T04:00:00+00:00,2020-08-31T06:00:00+02:00,pm10,4.50225,µg/m³,59.44358,17.922494,,,,
10929,Sollentuna Häggvik (E4),Stockholm,SE,2020-08-31T03:00:00+00:00,2020-08-31T05:00:00+02:00,pm10,3.09575,µg/m³,59.44358,17.922494,,,,
10929,Sollentuna Häggvik (E4),Stockholm,SE,2020-08-31T02:00:00+00:00,2020-08-31T04:00:00+02:00,pm10,4.1215,µg/m³,59.44358,17.922494,,,,
10929,Sollentuna Häggvik (E4),Stockholm,SE,2020-08-31T01:00:00+00:00,2020-08-31T03:00:00+02:00,pm10,3.58,µg/m³,59.44358,17.922494,,,,
10929,Sollentuna Häggvik (E4),Stockholm,SE,2020-08-31T00:00:00+00:00,2020-08-31T02:00:00+02:00,pm10,2.78275,µg/m³,59.44358,17.922494,,,,
10929,Sollentuna Häggvik (E4),Stockholm,SE,2020-08-30T23:00:00+00:00,2020-08-31T01:00:00+02:00,pm10,3.926,µg/m³,59.44358,17.922494,,,,
10929,Sollentuna Häggvik (E4),Stockholm,SE,2020-08-30T22:00:00+00:00,2020-08-31T00:00:00+02:00,pm10,7.754,µg/m³,59.44358,17.922494,,,,
10930,Urban bakgrund (Stockholm),Stockholm,SE,2020-08-31T22:00:00+00:00,2020-09-01T00:00:00+02:00,pm10,3.17425,µg/m³,59.315891,18.057991,,,,
10930,Urban bakgrund (Stockholm),Stockholm,SE,2020-08-31T21:00:00+00:00,2020-08-31T23:00:00+02:00,pm10,8.36226,µg/m³,59.315891,18.057991,,,,
10930,Urban bakgrund (Stockholm),Stockholm,SE,2020-08-31T20:00:00+00:00,2020-08-31T22:00:00+02:00,pm10,2.514,µg/m³,59.315891,18.057991,,,,
10930,Urban bakgrund (Stockholm),Stockholm,SE,2020-08-31T19:00:00+00:00,2020-08-31T21:00:00+02:00,pm10,2.484,µg/m³,59.315891,18.057991,,,,
10930,Urban bakgrund (Stockholm),Stockholm,SE,2020-08-31T18:00:00+00:00,2020-08-31T20:00:00+02:00,pm10,2.31775,µg/m³,59.315891,18.057991,,,,
10930,Urban bakgrund (Stockholm),Stockholm,SE,2020-08-31T17:00:00+00:00,2020-08-31T19:00:00+02:00,pm10,2.175,µg/m³,59.315891,18.057991,,,,
10930,Urban bakgrund (Stockholm),Stockholm,SE,2020-08-31T16:00:00+00:00,2020-08-31T18:00:00+02:00,pm10,2.61675,µg/m³,59.315891,18.057991,,,,
10930,Urban bakgrund (Stockholm),Stockholm,SE,2020-08-31T15:00:00+00:00,2020-08-31T17:00:00+02:00,pm10,2.1795,µg/m³,59.315891,18.057991,,,,
10930,Urban bakgrund (Stockholm),Stockholm,SE,2020-08-31T14:00:00+00:00,2020-08-31T16:00:00+02:00,pm10,2.10775,µg/m³,59.315891,18.057991,,,,
10930,Urban bakgrund (Stockholm),Stockholm,SE,2020-08-31T13:00:00+00:00,2020-08-31T15:00:00+02:00,pm10,2.18675,µg/m³,59.315891,18.057991,,,,
10930,Urban bakgrund (Stockholm),Stockholm,SE,2020-08-31T12:00:00+00:00,2020-08-31T14:00:00+02:00,pm10,1.792,µg/m³,59.315891,18.057991,,,,
10930,Urban bakgrund (Stockholm),Stockholm,SE,2020-08-31T11:00:00+00:00,2020-08-31T13:00:00+02:00,pm10,2.398,µg/m³,59.315891,18.057991,,,,
10930,Urban bakgrund (Stockholm),Stockholm,SE,2020-08-31T10:00:00+00:00,2020-08-31T12:00:00+02:00,pm10,1.94675,µg/m³,59.315891,18.057991,,,,
10930,Urban bakgrund (Stockholm),Stockholm,SE,2020-08-31T09:00:00+00:00,2020-08-31T11:00:00+02:00,pm10,1.815,µg/m³,59.315891,18.057991,,,,
10930,Urban bakgrund (Stockholm),Stockholm,SE,2020-08-31T08:00:00+00:00,2020-08-31T10:00:00+02:00,pm10,3.0745,µg/m³,59.315891,18.057991,,,,
10930,Urban bakgrund (Stockholm),Stockholm,SE,2020-08-31T07:00:00+00:00,2020-08-31T09:00:00+02:00,pm10,2.7465,µg/m³,59.315891,18.057991,,,,
10930,Urban bakgrund (Stockholm),Stockholm,SE,2020-08-31T06:00:00+00:00,2020-08-31T08:00:00+02:00,pm10,2.30325,µg/m³,59.315891,18.057991,,,,
10930,Urban bakgrund (Stockholm),Stockholm,SE,2020-08-31T05:00:00+00:00,2020-08-31T07:00:00+02:00,pm10,2.3355,µg/m³,59.315891,18.057991,,,,
10930,Urban bakgrund (Stockholm),Stockholm,SE,2020-08-31T04:00:00+00:00,2020-08-31T06:00:00+02:00,pm10,3.55475,µg/m³,59.315891,18.057991,,,,
10930,Urban bakgrund (Stockholm),Stockholm,SE,2020-08-31T03:00:00+00:00,2020-08-31T05:00:00+02:00,pm10,2.4595,µg/m³,59.315891,18.057991,,,,
10930,Urban bakgrund (Stockholm),Stockholm,SE,2020-08-31T02:00:00+00:00,2020-08-31T04:00:00+02:00,pm10,1.7975,µg/m³,59.315891,18.057991,,,,
10930,Urban bakgrund (Stockholm),Stockholm,SE,2020-08-31T01:00:00+00:00,2020-08-31T03:00:00+02:00,pm10,1.58175,µg/m³,59.315891,18.057991,,,,
10930,Urban bakgrund (Stockholm),Stockholm,SE,2020-08-31T00:00:00+00:00,2020-08-31T02:00:00+02:00,pm10,2.02475,µg/m³,59.315891,18.057991,,,,
10930,Urban bakgrund (Stockholm),Stockholm,SE,2020-08-30T23:00:00+00:00,2020-08-31T01:00:00+02:00,pm10,4.76175,µg/m³,59.315891,18.057991,,,,
10930,Urban bakgrund (Stockholm),Stockholm,SE,2020-08-30T22:00:00+00:00,2020-08-31T00:00:00+02:00,pm10,6.61501,µg/m³,59.315891,18.057991,,,,
,,,,,,,4.7837772,,,,,,,
